N,P,K,temperature,humidity,ph,rainfall,soil,label,Yield
90,42,43,20.87974371,82.00274423,6.502985292,202.9355362,black,rice,26972
85,58,41,21.77046169,80.31964408,7.038096361,226.6555374,black,rice,25250
60,55,44,23.00445915,82.3207629,7.840207144,263.9642476,black,rice,23241
74,35,40,26.49109635,80.15836264,6.980400905,242.8640342,black,rice,25575
78,42,42,20.13017482,81.60487287,7.628472891,262.7173405,black,rice,27962
69,37,42,23.05804872,83.37011772,7.073453503,251.0549998,black,rice,26377
69,55,38,22.70883798,82.63941394,5.70080568,271.3248604,black,rice,26272
94,53,40,20.27774362,82.89408619,5.718627178,241.9741949,black,rice,26972
89,54,38,24.51588066,83.5352163,6.685346424,230.4462359,black,rice,26376
68,58,38,23.22397386,83.03322691,6.336253525,221.2091958,black,rice,20242
91,53,40,26.52723513,81.41753846,5.386167788,264.6148697,black,rice,26972
90,46,42,23.97898217,81.45061596,7.50283396,250.0832336,black,rice,26972
78,58,44,26.80079604,80.88684822,5.108681786,284.4364567,black,rice,23242
93,56,36,24.01497622,82.05687182,6.98435366,185.2773389,black,rice,26972
94,50,37,25.66585205,80.66385045,6.94801983,209.5869708,black,rice,26972
60,48,39,24.28209415,80.30025587,7.042299069,231.0863347,black,rice,23232
85,38,41,21.58711777,82.7883708,6.249050656,276.6552459,black,rice,26776
91,35,39,23.79391957,80.41817957,6.970859754,206.2611855,black,rice,26972
77,38,36,21.8652524,80.1923008,5.953933276,224.5550169,black,rice,23242
88,35,40,23.57943626,83.58760316,5.85393208,291.2986618,black,rice,26972
89,45,36,21.32504158,80.47476396,6.442475375,185.4974732,black,rice,26972
76,40,43,25.15745531,83.11713476,5.070175667,231.3843163,black,rice,23971
67,59,41,21.94766735,80.97384195,6.012632591,213.3560921,black,rice,23242
83,41,43,21.0525355,82.67839517,6.254028451,233.1075816,black,rice,24976
98,47,37,23.48381344,81.33265073,7.375482851,224.0581164,black,rice,26972
66,53,41,25.0756354,80.52389148,7.778915154,257.0038865,black,rice,23242
97,59,43,26.35927159,84.04403589,6.286500176,271.3586137,black,rice,26972
97,50,41,24.52922681,80.54498576,7.070959995,260.2634026,black,rice,26674
60,49,44,20.77576147,84.49774397,6.244841491,240.0810647,black,rice,23242
84,51,35,22.30157427,80.64416466,6.043304899,197.9791215,black,rice,25763
73,57,41,21.44653958,84.94375962,5.824709117,272.2017204,black,rice,23242
92,35,40,22.17931888,80.33127223,6.357389366,200.0882787,black,rice,26972
85,37,39,24.52783742,82.73685569,6.364134968,224.6757231,black,rice,24071
98,53,38,20.26707606,81.63895217,5.01450727,270.4417274,black,rice,26972
88,54,44,25.7354293,83.88266234,6.149410611,233.1321372,black,rice,26563
95,55,42,26.79533926,82.1480873,5.950660556,193.3473987,black,rice,26972
99,57,35,26.75754171,81.17734011,5.960370061,272.2999056,black,rice,26675
95,39,36,23.86330467,83.15250801,5.561398642,285.2493645,black,rice,26972
60,43,44,21.01944696,82.95221726,7.416245107,298.4018471,black,rice,20241
63,44,41,24.17298839,83.7287574,5.583370042,257.0343554,black,rice,21295
62,42,36,22.78133816,82.06719137,6.430010215,248.7183228,black,rice,22542
64,45,43,25.62980105,83.52842314,5.534878156,209.9001977,black,rice,23454
83,60,36,25.59704938,80.14509262,6.903985986,200.834898,black,rice,25673
82,40,40,23.83067496,84.81360127,6.271478838,298.5601175,black,rice,26570
85,52,45,26.31355498,82.36698992,7.224285503,265.5355937,black,rice,25984
91,35,38,24.8972823,80.52586088,6.13428721,183.6793207,black,rice,26972
76,49,42,24.958779,84.47963372,5.206373153,196.9560008,black,rice,25773
74,39,38,23.24113501,84.59201843,7.782051313,233.0453455,black,rice,24972
79,43,39,21.66628296,80.70960551,7.062779015,210.8142087,black,rice,24479
88,55,45,24.63544858,80.41363018,7.730367824,253.7202781,black,rice,26972
60,36,43,23.43121862,83.06310136,5.286203711,219.9048349,black,rice,23242
76,60,39,20.0454142,80.3477562,6.766240045,208.5810155,black,rice,26471
93,56,42,23.85724032,82.22572988,7.382762603,195.0948311,black,rice,26972
65,60,43,21.97199397,81.89918197,5.658169482,227.3637009,black,rice,23242
95,52,36,26.22916897,83.83625819,5.543360238,286.5083725,black,rice,26972
75,38,39,23.44676801,84.79352417,6.215109715,283.9338466,black,rice,24371
74,54,38,25.65553461,83.47021081,7.120272972,217.3788583,black,rice,26865
91,36,45,24.44345477,82.45432595,5.950647577,267.9761948,black,rice,26972
71,46,40,20.2801937,82.1235421,7.236705436,191.9535738,black,rice,20973
99,55,35,21.7238313,80.2389895,6.501697816,277.9626192,black,rice,26972
72,40,38,20.41447029,82.20802629,7.592490617,245.1511304,black,rice,23827
83,58,45,25.75528612,83.51827127,5.875345751,245.6626799,black,rice,25429
93,58,38,20.61521424,83.77345559,6.932400225,279.5451717,black,rice,26972
70,36,42,21.84106875,80.72886384,6.946209881,202.3838319,black,rice,24572
76,47,42,20.08369642,83.29114712,5.739175027,263.6372176,black,rice,24939
99,41,36,24.45802087,82.74835604,6.738652179,182.5616319,black,rice,26972
99,54,37,21.14347496,80.33502926,5.594819626,198.6730942,black,rice,26902
86,59,35,25.78720567,82.11124033,6.946636369,243.5120414,black,rice,26092
69,46,41,23.64124821,80.28597873,5.012139669,263.1103304,black,rice,22242
91,56,37,23.43191632,80.56887849,6.363472208,269.5039162,black,rice,26972
61,52,41,24.97669518,83.891805,6.880431223,204.8001847,black,rice,23082
67,45,38,22.72791041,82.1706881,7.300410836,260.8875056,black,rice,23243
79,42,37,24.87300744,82.84022551,6.587918708,295.6094492,black,rice,25560
78,43,42,21.32376327,83.00320459,7.283736617,192.3197536,black,rice,23674
75,54,36,26.29465461,84.56919326,7.023936392,257.4914906,black,rice,24578
97,36,45,22.2286982,81.85872947,6.939083505,278.0791793,black,rice,26972
67,47,44,26.73072391,81.78596776,7.868474653,280.4044392,black,rice,23442
73,35,38,24.88921174,81.97927117,5.005306977,185.9461429,black,rice,23965
77,36,37,26.88444878,81.46033732,6.136131869,194.5766559,black,rice,28471
81,41,38,22.67846116,83.72874389,7.524080076,200.9133156,black,rice,26571
68,57,43,26.08867875,80.37979919,5.706943251,182.9043504,black,rice,23542
72,45,35,25.42977518,82.94682591,5.758506323,195.3574542,black,rice,24770
61,53,43,26.40323239,81.05635517,6.349606327,223.3671883,black,rice,23782
67,43,39,26.04371967,84.96907151,5.999969026,186.7536773,black,rice,23890
67,58,39,25.2827223,80.54372813,5.453592032,220.1156708,black,rice,23678
66,60,38,22.08576562,83.47038318,6.372576327,231.7364957,black,rice,23234
82,43,38,23.28617173,81.43321641,5.105588355,242.3170629,black,rice,26783
84,50,44,25.48591986,81.40633547,5.935344406,182.6549356,black,rice,26345
81,53,42,23.67575393,81.03569343,5.17782304,233.7034975,black,rice,26276
91,50,40,20.82477109,84.1341879,6.462391607,230.2242223,black,rice,26975
93,53,38,26.92995077,81.91411159,7.069172227,290.6793783,black,rice,26560
90,44,38,23.83509503,83.88387074,7.473134377,241.2013513,black,rice,26945
81,45,35,26.52872817,80.12267476,6.158376967,218.9163567,black,rice,26456
78,40,38,26.46428311,83.85642678,7.549873681,248.2256491,black,rice,25973
60,51,36,22.69657794,82.81088865,6.028321558,256.9964761,black,rice,23244
88,46,42,22.68319059,83.46358271,6.604993475,194.2651719,black,rice,25908
93,47,37,21.53346343,82.14004101,6.500343222,295.9248796,black,rice,26949
60,55,45,21.40865769,83.3293191,5.935745417,287.5766935,black,rice,23202
78,35,44,26.54348085,84.67353597,7.072655622,183.6222657,black,rice,23972
89,34,56,26.67543,86.54336,7.095432,200.8754,black,rice,24231
65,37,40,23.35905428,83.59512273,5.333322606,188.413665,red,maize,23321
71,54,16,22.61359953,63.69070564,5.749914421,87.75953857,red,maize,23597
61,44,17,26.10018422,71.57476937,6.931756558,102.2662445,red,maize,23820
80,43,16,23.55882094,71.59351368,6.657964753,66.71995467,red,maize,23496
73,58,21,19.97215954,57.68272924,6.596060648,60.65171481,red,maize,23981
61,38,20,18.47891261,62.69503871,5.970458434,65.43835393,red,maize,23498
68,41,16,21.77689322,57.80840636,6.158830619,102.0861694,red,maize,23739
93,41,17,25.6217169,66.50415474,6.047906679,105.4654703,red,maize,23823
89,60,19,25.19192419,66.6902901,5.913664501,78.06639649,red,maize,23241
76,44,17,20.41683147,62.5542482,5.855442401,65.27798457,red,maize,23419
67,60,25,24.92162194,66.78627406,5.750254943,109.2162279,red,maize,22109
70,44,19,23.31689124,73.4541537,5.852607099,94.29712821,red,maize,24089
90,49,21,24.84016732,68.3584573,6.472523287,74.05474936,red,maize,23932
62,52,16,22.27526694,58.84015925,6.967057762,63.87020584,red,maize,24767
92,44,16,18.87751445,65.76816093,6.082973754,94.76189431,red,maize,23893
66,54,21,25.19008683,60.2001687,5.919045532,72.12375573,red,maize,23489
63,58,22,18.25405352,55.28220433,6.204747653,63.72358154,red,maize,23765
70,47,17,24.6129118,70.4162444,6.600827017,104.1626147,red,maize,23876
61,41,17,25.1420613,65.26185135,6.021902237,76.68456006,red,maize,23678
66,53,19,23.09348056,60.1159381,6.033550195,65.49730729,red,maize,23897
74,55,19,18.05033737,62.89366992,6.28886807,84.23613484,red,maize,24768
77,57,21,24.9321581,73.80435276,6.550563823,79.74078719,red,maize,25345
99,50,15,18.14710054,71.09445342,5.573286437,88.07753741,red,maize,25896
74,56,22,18.28362235,66.65952796,6.829199275,80.97573281,red,maize,25984
83,45,21,18.83344471,58.75082029,5.716222912,79.7532896,red,maize,25238
100,48,16,25.71895816,67.22190688,5.54990242,74.51490791,red,maize,22908
79,51,16,25.33797709,68.49835977,6.586244581,96.46380213,red,maize,25077
94,39,18,23.89114571,57.48775781,5.893093135,102.8301942,red,maize,22078
75,49,15,21.53574127,71.50905983,5.918263801,102.4852929,red,maize,25055
78,48,22,23.08974909,63.10459626,5.588650585,70.43473609,red,maize,25786
87,54,20,25.61707368,63.4711755,6.576418207,108.8303762,red,maize,29843
87,35,25,21.44526922,63.1621551,6.178056304,65.88951188,red,maize,25965
63,43,19,18.51816776,55.53128131,6.641906353,90.988051,red,maize,24796
84,57,25,22.53510514,67.99257471,6.489040367,64.40866039,red,maize,26586
64,35,23,23.02038334,61.89472002,5.680361038,63.03843397,red,maize,23653
60,46,22,24.89364635,65.61418761,6.625404348,87.9298085,red,maize,22378
98,44,21,25.77175115,74.089114,6.524478032,107.4931917,red,maize,23856
75,56,18,19.39851734,62.35750641,5.696205468,60.95197486,red,maize,25874
86,55,21,21.54156232,59.64024162,6.803931519,109.7515385,red,maize,25056
98,35,18,23.79746068,74.82913698,6.252797548,91.76337172,red,maize,25346
76,57,18,18.9802729,74.52600826,6.092725883,94.26249353,red,maize,25781
99,56,17,24.10859207,73.13112261,6.234330356,71.07562236,red,maize,25903
60,44,23,24.7947077,70.04556743,5.722579819,76.72860067,red,maize,25109
74,48,17,21.63162756,60.27766379,6.430616465,69.21803098,red,maize,25392
89,60,17,25.37548751,57.21025565,5.983952675,101.7004306,red,maize,23898
69,51,23,22.21738222,72.85462807,6.80163854,106.6213157,red,maize,25456
96,46,22,20.58314011,69.00128641,6.499936446,66.29390357,red,maize,25907
61,60,15,24.87502824,68.74248334,6.265564338,91.26056654,red,maize,25054
74,58,18,20.03728219,56.35606753,6.727303282,109.024141,red,maize,25064
74,43,23,25.95263264,61.89082199,6.325235159,99.57981207,red,maize,24039
63,43,17,19.28889933,65.47050802,6.807487794,71.3195307,red,maize,24539
99,36,20,20.57981887,65.34583901,6.671085817,78.34604471,red,maize,25803
77,36,23,24.71417533,56.73426469,6.648725327,88.45361858,red,maize,25476
87,60,23,20.27317074,63.91281869,6.439071996,62.50351892,red,maize,25456
60,38,17,18.41932981,64.23580251,6.474476516,76.41312437,red,maize,25560
94,54,17,23.39128187,61.74427165,5.871647806,107.3198135,red,maize,25865
95,38,22,19.84939404,61.24500053,5.730617109,100.7689246,red,maize,25090
84,44,21,21.869274,61.91044947,5.850439831,107.2681929,red,maize,25955
77,58,19,22.8056033,56.50768935,5.791649933,101.5952794,red,maize,23455
66,44,20,19.0781471,69.02298571,6.740000688,80.72515943,red,maize,25931
63,35,16,22.02720976,65.35549924,6.272417541,83.73280082,red,maize,25732
79,45,20,23.80546189,59.24537979,5.715208817,89.9622014,red,maize,29033
72,60,25,18.52510753,69.0276233,5.773454729,88.10234397,red,maize,22345
67,51,24,23.50297882,61.32026065,5.584171461,64.77791424,red,maize,25575
86,36,24,26.54986394,72.89187265,5.787268394,73.33636055,red,maize,25980
76,48,18,19.29563411,69.63481219,5.77597783,83.21030571,red,maize,24570
75,53,18,20.68899915,59.4375337,6.864793607,103.651438,red,maize,25643
81,45,23,19.32666088,68.034493,6.192360003,84.22969177,red,maize,25456
73,45,21,24.60532218,73.58868502,6.636803223,96.59195302,red,maize,25654
71,35,24,22.27373646,59.52193158,5.826426917,67.96704792,red,maize,24852
96,54,22,25.70196694,61.33450447,6.960358276,83.20711308,red,maize,23567
99,39,18,19.20129357,68.30578978,6.11275104,87.85092352,red,maize,23964
62,48,20,21.70181447,60.47470519,6.708446922,95.71388473,red,maize,28967
86,37,16,20.51716779,59.21235483,5.561510732,67.61013737,red,maize,28933
94,50,19,23.30355338,73.62548442,5.873242491,97.59081274,red,maize,27641
76,39,24,24.2547451,55.64709899,6.995843776,64.23845455,red,maize,28753
77,52,17,24.86374934,65.7420046,5.714799723,75.82270467,red,maize,29543
74,39,23,22.6265115,65.77472881,6.78073637,88.17251033,red,maize,21764
81,49,20,18.04185513,60.61494304,5.513697923,104.2321615,red,maize,28961
63,42,21,23.26237612,72.33125523,5.798423908,67.10225139,red,maize,24187
99,38,21,22.88330922,71.59722446,6.352471866,67.72777298,red,maize,25789
90,52,25,25.97482359,69.36385721,6.822586546,103.2234212,red,maize,25986
68,40,19,26.14384005,66.20569924,6.655426355,107.2361366,red,maize,24596
60,57,24,18.66116213,61.55327249,6.121294041,75.03247667,red,maize,28944
71,52,18,25.10787449,55.97732754,5.790770203,78.16077693,red,maize,27434
61,59,17,23.33844615,59.24580604,6.47444292,105.0083144,red,maize,26754
88,38,15,25.08239719,65.92195844,6.455116637,62.49190812,red,maize,28754
65,60,22,25.36768364,72.52054555,6.606984086,107.9124111,red,maize,27864
78,37,22,25.34217103,63.31801994,6.330554389,74.52082026,red,maize,25465
78,58,15,25.00933355,67.816568,6.528631266,62.91359494,red,maize,28675
92,60,23,18.66746724,71.516474,5.721667141,69.93293255,red,maize,28967
79,59,17,20.37999665,63.73849998,6.644205485,108.5054416,red,maize,28754
91,55,15,18.09300227,72.61024172,6.376651091,78.96159541,red,maize,26543
76,51,18,26.16985907,71.96246617,6.247040422,79.84925393,red,maize,26544
87,48,25,18.65396672,61.37879671,6.656730008,93.62039175,red,maize,26386
71,60,22,26.07470121,59.37147589,6.2048017,85.75692395,red,maize,26754
90,57,24,18.92851916,72.80086137,6.158860284,82.34162918,red,maize,27543
67,35,22,23.30546753,63.24648023,6.385684214,108.7603001,red,maize,25643
60,54,19,18.74826712,62.49878458,6.417820493,70.23401597,red,maize,28643
83,58,23,19.74213321,59.66263104,6.381201909,65.50861389,red,maize,25967
119,25,51,26.47330219,80.92254421,6.283818329,53.65742581,black,watermelon,4964
119,19,55,25.18780042,83.44621709,6.818261383,46.87420883,black,watermelon,4915
105,30,50,25.29954705,81.77527562,6.37620108,57.04147057,black,watermelon,4834
114,8,50,24.74631269,88.30866319,6.581587932,57.95826144,black,watermelon,4318
93,22,52,26.58740671,81.32563243,6.932739726,41.87540028,black,watermelon,4480
80,26,55,24.53442564,88.989272,6.140099215,49.11618732,black,watermelon,4531
85,27,45,26.0713757,88.7285657,6.467095849,57.79652846,black,watermelon,4564
85,22,53,25.96534238,89.77076659,6.849471704,59.46338556,black,watermelon,4198
82,22,45,26.22338015,85.34866045,6.512196212,54.60159289,black,watermelon,4273
118,13,54,24.41311871,89.81574032,6.039584629,44.07843475,black,watermelon,4934
83,25,53,26.49195283,80.04678201,6.057697106,57.72799157,black,watermelon,4459
86,15,47,24.04355803,84.18406764,6.423898762,53.78929956,black,watermelon,4444
101,10,47,25.5421695,83.31883376,6.936997681,57.57343233,black,watermelon,4585
119,9,50,26.74550678,83.9195902,6.251286661,40.794305,black,watermelon,4222
104,17,46,25.7131428,80.22972777,6.190015912,43.08961827,black,watermelon,4894
95,12,51,25.76484262,84.1726996,6.681606702,44.22066914,black,watermelon,4303
102,14,52,26.79489868,89.64815231,6.51075991,57.74091817,black,watermelon,4969
109,21,55,24.9004602,89.73524177,6.770278088,57.44942094,black,watermelon,4936
81,18,50,26.80750629,88.22874955,6.429788073,58.79889057,black,watermelon,4117
103,17,51,25.11189154,80.02621335,6.209888345,44.20656987,black,watermelon,4969
105,14,50,26.2148837,87.6883982,6.419052193,59.65590798,black,watermelon,4932
97,8,52,24.9103226,86.97190046,6.237861736,49.48575692,black,watermelon,4701
120,19,49,25.79448878,84.26830701,6.762471629,56.45229202,black,watermelon,4980
95,16,55,25.26931156,87.55055105,6.612847999,40.12650421,black,watermelon,4623
83,29,52,25.76402693,87.5931128,6.704688865,46.05122728,black,watermelon,4647
83,9,45,25.85483596,89.13163965,6.049609892,46.85176955,black,watermelon,4114
91,21,50,24.33528185,81.44030363,6.762030215,48.32113628,black,watermelon,4688
116,5,54,25.37601283,80.99313508,6.65398725,57.23028471,black,watermelon,4921
112,28,54,24.86094646,85.05318563,6.738030547,55.29563514,black,watermelon,4840
88,29,51,24.71885473,88.94568335,6.095689937,48.45978627,black,watermelon,4698
118,15,45,24.21495706,84.20576992,6.538006356,48.01138482,black,watermelon,4900
92,21,48,25.81692236,82.043255,6.377427122,54.82963379,black,watermelon,4672
106,14,45,24.47018505,84.16390229,6.417011754,57.26773002,black,watermelon,4978
99,5,47,24.13078816,84.84494575,6.649086972,51.19470197,black,watermelon,4677
98,8,51,26.1793464,86.52258079,6.25933595,49.43050977,black,watermelon,4747
108,22,46,26.17668721,86.7295205,6.121168559,53.33484977,black,watermelon,4827
119,7,55,26.03867719,84.6378378,6.031424482,44.3993381,black,watermelon,4840
117,27,48,26.53259325,82.39053979,6.835268184,54.30660782,black,watermelon,4893
109,10,53,26.81938687,87.8274604,6.551750306,46.06193778,black,watermelon,4384
80,16,46,25.50405534,81.40297428,6.940236218,48.47833278,black,watermelon,4355
100,18,52,26.20234499,80.38266489,6.87606733,56.47941847,black,watermelon,4792
91,7,53,25.13735887,89.28272716,6.457216535,43.52897517,black,watermelon,4242
86,6,53,25.92030221,83.47202566,6.921847888,42.10681516,black,watermelon,4864
107,5,52,26.6634609,89.98405233,6.881425746,57.40847165,black,watermelon,4921
103,16,49,24.06731461,81.64075303,6.915717008,51.75212401,black,watermelon,4900
101,20,48,24.6774157,82.75411437,6.206247494,57.05709413,black,watermelon,4351
85,25,47,26.11440416,87.64081095,6.29542477,58.48160844,black,watermelon,4699
84,7,51,26.81530456,87.65694462,6.399669044,55.74073582,black,watermelon,4348
102,28,54,25.15623099,80.27525115,6.862157042,55.49541453,black,watermelon,4839
98,25,52,25.2801372,83.15393658,6.224066378,49.29456609,black,watermelon,4330
97,25,50,26.22005978,80.90127035,6.093814669,49.08553937,black,watermelon,4654
90,16,45,24.92093261,80.61750795,6.291540278,50.55710813,black,watermelon,4648
95,12,46,26.21667586,81.01009354,6.32281728,54.65423596,black,watermelon,4663
82,23,49,26.81383586,87.21986949,6.873283991,51.70497792,black,watermelon,4669
82,25,51,24.31334971,87.47409052,6.074209622,48.11248366,black,watermelon,4361
110,28,46,24.29105004,88.04541346,6.49889585,51.26046418,black,watermelon,4971
118,21,51,24.42998931,86.33904774,6.678805092,48.58241822,black,watermelon,4913
120,20,45,25.66576039,88.6984228,6.114128685,54.22722466,black,watermelon,4982
91,7,52,25.07803672,83.46230461,6.405054243,56.39962921,black,watermelon,4068
81,6,55,24.88910524,85.87059083,6.110142735,51.70699144,black,watermelon,4057
101,13,54,25.42900869,82.91481799,6.828982708,56.34144589,black,watermelon,4192
101,17,55,24.37118217,87.1269128,6.451499764,44.63907691,black,watermelon,4941
111,6,53,26.4930645,88.59143088,6.313512999,46.06382209,black,watermelon,4924
107,10,49,25.83202912,89.00481725,6.755192025,45.24690619,black,watermelon,4924
115,11,46,24.41592661,89.39655519,6.623167177,40.32161859,black,watermelon,4916
84,25,52,24.37190239,81.2514818,6.12532356,44.20899581,black,watermelon,4228
120,7,47,24.24782473,83.03687902,6.653867608,54.7657624,black,watermelon,4956
91,12,46,24.64458469,85.49938185,6.343942518,48.31219031,black,watermelon,4498
89,22,52,24.89681131,86.10782926,6.217300786,53.14626213,black,watermelon,4395
113,19,46,25.41864024,81.12122989,6.286387658,49.52320689,black,watermelon,4977
97,22,50,26.26028739,86.14585891,6.7698938,58.97878791,black,watermelon,4702
117,30,50,24.90123934,87.20772913,6.744966312,46.59207341,black,watermelon,4995
90,14,52,24.84740848,89.20454622,6.391858432,59.67927244,black,watermelon,4693
104,23,47,26.98212846,86.70068316,6.770434148,42.91292205,black,watermelon,4947
81,16,45,26.90435747,86.25426228,6.727468157,59.75980023,black,watermelon,4377
88,5,47,25.86475496,86.67468041,6.662244646,41.16554802,black,watermelon,4450
92,7,45,26.70607759,81.14149505,6.944640222,51.51033554,black,watermelon,4355
81,18,50,26.44019475,80.91934337,6.507110986,47.81847573,black,watermelon,4645
111,5,55,26.283443,84.42478917,6.520663422,50.78669728,black,watermelon,4435
108,23,51,26.84366082,83.85039964,6.106500787,40.228644,black,watermelon,4081
113,30,50,26.03967219,83.9862443,6.277484043,43.87712348,black,watermelon,4927
83,10,53,24.92994759,85.00802358,6.195142279,48.75859458,black,watermelon,4087
101,11,51,25.50736962,84.24340241,6.792035575,44.2068997,black,watermelon,4255
114,21,55,25.4438391,87.9392312,6.472756256,57.51549686,black,watermelon,4528
99,6,45,26.12588914,86.5507939,6.000975617,40.71210074,black,watermelon,4975
92,20,55,25.10474753,87.5267616,6.587791262,59.26519444,black,watermelon,4975
92,7,48,26.27520631,86.63249555,6.956508826,54.38748495,black,watermelon,4972
91,24,55,26.27061608,83.09194521,6.259086583,46.76837499,black,watermelon,4219
110,21,54,26.73690828,87.82430156,6.747537642,47.46447019,black,watermelon,4969
112,25,51,25.04746944,85.5667282,6.932537231,56.72496677,black,watermelon,4711
89,25,54,24.69368934,85.56967628,6.353107393,48.99390828,black,watermelon,4339
100,10,53,24.54356968,84.60808277,6.211748957,42.00660251,black,watermelon,4699
83,22,54,25.89762315,81.96664832,6.277245254,54.49960057,black,watermelon,4897
95,14,50,26.6333118,84.31756844,6.560443519,56.31866159,black,watermelon,4524
119,30,49,25.35794749,80.45846265,6.903020221,47.72078245,black,watermelon,4902
97,12,47,25.28784623,89.63667876,6.765094964,58.28697664,black,watermelon,4474
110,7,45,26.63838589,84.69546874,6.189213927,48.32428609,black,watermelon,4935
96,18,50,25.3310446,84.30533791,6.904241707,41.53218699,black,watermelon,4195
83,23,55,26.89750174,83.89241484,6.463271076,43.97193745,black,watermelon,4777
120,24,47,26.98603693,89.4138489,6.260838965,58.54876687,black,watermelon,4939
18,30,29,26.7627493,92.86056895,6.420018717,224.5903664,red,groundnut,1627
37,23,28,25.61294367,94.3138837,5.740054567,224.3206759,red,groundnut,1690
13,28,33,28.130115,95.64807631,5.686972967,151.0761899,red,groundnut,1623
12,21,35,25.02887163,91.53720922,6.293662363,179.8248944,red,groundnut,1603
10,18,35,27.79797651,99.64573002,6.381975465,181.6942283,red,groundnut,1620
17,11,32,29.25902906,95.11294697,5.542169139,184.7624496,red,groundnut,1607
39,15,31,27.10134661,93.69979946,5.551963184,150.9502632,red,groundnut,1698
34,16,27,25.84726298,90.92669463,5.860740481,147.8888994,red,groundnut,1693
31,30,29,26.58580443,90.98617591,5.558807063,178.8116076,red,groundnut,1689
25,17,35,28.38503882,99.18843684,5.55771171,189.6711349,red,groundnut,1662
16,18,26,28.43647052,91.81320717,5.568365926,145.5414413,red,groundnut,1645
26,10,33,28.27298134,96.93649473,6.07071786,198.8234862,red,groundnut,1647
27,18,32,27.00648436,96.46168931,5.627860549,144.3331315,red,groundnut,1678
37,18,30,27.63551259,99.34854917,6.38488418,157.9171537,red,groundnut,1690
19,15,34,26.29644905,99.65809151,5.685889066,215.9195049,red,groundnut,1622
10,19,33,27.1326009,95.23797989,6.234458417,204.7206567,red,groundnut,1009
31,20,26,25.56567803,97.61361544,6.443168642,199.7936345,red,groundnut,1695
19,17,32,25.94951662,93.40548703,5.842317989,172.0540491,red,groundnut,1600
22,11,29,28.03380598,95.01630593,5.955742971,218.0055713,red,groundnut,1630
31,16,26,29.12859129,91.30924833,5.741367375,157.2388553,red,groundnut,1675
34,16,30,27.0828252,97.00155491,5.948342571,171.7575545,red,groundnut,1678
24,16,32,28.11321494,90.01734526,6.387067562,172.4813641,red,groundnut,1621
11,18,26,27.5136304,94.18955816,5.562911913,156.6732553,red,groundnut,1681
31,13,33,27.63834933,95.48763389,5.85971872,205.5463111,red,groundnut,1696
10,19,28,29.01256899,94.01014388,6.282955073,150.0500312,red,groundnut,1678
36,27,26,26.58413917,95.78923137,6.25449571,171.6262299,red,groundnut,1699
38,24,33,28.28905147,97.00396405,5.973853124,142.9403233,red,groundnut,1698
11,16,25,28.69164799,96.65248672,6.081568052,178.9635457,red,groundnut,1603
16,14,30,29.70931288,96.30484325,6.37466756,209.8453993,red,groundnut,1603
33,14,35,27.14865285,96.66355213,6.027707171,149.2433497,red,groundnut,1699
16,16,29,29.28725038,91.95614918,5.868285082,132.1491176,red,groundnut,1609
32,11,31,25.06871967,93.31410447,6.205931638,134.8419069,red,groundnut,1694
38,14,30,26.92449525,91.20106019,5.570745386,194.9022136,red,groundnut,1694
18,16,33,28.27804288,93.64761266,6.095261013,171.9457959,red,groundnut,1669
23,16,33,29.18032562,92.73041222,6.025789594,204.9603677,red,groundnut,1678
29,25,35,28.3575072,91.64509299,5.542873799,160.7306991,red,groundnut,1618
24,14,33,29.38072512,93.27565685,6.366219551,218.5241851,red,groundnut,1681
32,12,30,25.39241091,98.08951196,5.579845008,218.080385,red,groundnut,1693
30,25,31,26.31270635,98.62048026,5.804965067,208.1181381,red,groundnut,1694
14,21,35,29.52501367,91.91185319,6.121005506,194.3100272,red,groundnut,1657
27,22,29,28.83214859,92.17170353,6.000248647,145.4172387,red,groundnut,1693
40,15,29,28.48444906,97.76865458,5.820978791,160.389421,red,groundnut,1695
17,11,32,28.74013335,93.39676499,5.620733794,156.7650823,red,groundnut,1618
30,30,35,25.00872392,95.59224018,6.001936419,165.8092179,red,groundnut,1692
28,10,30,29.8690834,91.14723422,6.305740522,192.7678575,red,groundnut,1635
39,17,29,27.54273211,94.59086121,6.362544111,150.2012138,red,groundnut,1695
32,20,35,26.52166434,98.38227669,5.588655387,144.6261698,red,groundnut,1699
17,15,32,25.03512351,95.89739958,6.182232762,174.796583,red,groundnut,1618
29,17,29,29.20394909,95.66997327,5.959493188,211.2506267,red,groundnut,1665
34,15,34,27.05826457,91.10510371,5.677282678,224.7006953,red,groundnut,1698
14,23,25,26.18552389,96.96637916,5.612122797,135.4186222,red,groundnut,1672
18,19,29,27.59376845,92.48519606,6.206077742,162.8432736,red,groundnut,1681
17,21,35,25.76011662,94.65830608,5.764812076,131.2451414,red,groundnut,1654
24,27,34,28.87862994,95.11320315,6.203376525,145.0583117,red,groundnut,1618
39,29,29,26.50908611,94.48414544,6.143662699,199.8778403,red,groundnut,1690
29,18,28,26.87037587,91.72546257,6.100429497,214.4128874,red,groundnut,1667
10,24,27,27.57283516,94.90485697,5.708409601,145.9298935,red,groundnut,1609
10,29,32,28.05912437,98.3670985,5.868255858,171.6516396,red,groundnut,1696
32,11,31,29.51611558,92.56492864,6.461225827,131.2116167,red,groundnut,1693
37,10,32,28.96318258,95.16333673,6.165084855,222.803013,red,groundnut,1694
20,29,27,25.09897688,92.36099489,6.047044342,157.7592626,red,groundnut,1627
31,29,35,27.1872282,92.19906776,6.137102505,141.3220576,red,groundnut,1684
17,30,27,29.03065024,90.79093862,5.894027065,205.5720367,red,groundnut,1633
11,12,30,27.754298,95.94643831,5.56222383,131.0900076,red,groundnut,1623
16,13,29,27.31155708,99.96906006,5.832608028,201.8258633,red,groundnut,1606
15,28,32,28.84270971,99.64328526,6.218571874,224.4016682,red,groundnut,1645
27,24,29,26.61423461,96.97300803,6.142010637,191.006688,red,groundnut,1669
13,23,30,29.70143197,95.65754365,6.078807239,215.1968037,red,groundnut,1669
18,26,26,25.54759871,91.64194826,5.702484758,212.867626,red,groundnut,1642
20,28,26,26.37978453,91.49882979,5.547594847,167.0470997,red,groundnut,1648
26,18,27,27.45907759,92.90736493,5.836075368,142.1430003,red,groundnut,1672
11,16,35,27.02269204,95.71935435,6.231662767,147.1682459,red,groundnut,1623
27,30,31,28.98545306,90.73966792,5.718120393,148.8398374,red,groundnut,1625
23,17,34,26.1055118,91.52421214,5.852038202,134.1279669,red,groundnut,1699
10,26,31,25.0707247,95.02156793,5.547933273,192.9036306,red,groundnut,1687
38,16,25,25.54963273,96.92786777,6.156259104,191.2996157,red,groundnut,1692
25,12,26,28.56973521,95.67906668,6.436314406,134.8370348,red,groundnut,1657
40,15,32,26.07010807,96.7036223,5.981169595,143.533473,red,groundnut,1695
10,19,31,25.51791333,94.38420565,6.271952833,178.7297725,red,groundnut,1687
26,19,32,25.9490364,94.73860514,6.470465614,144.1571109,red,groundnut,1618
35,30,34,28.2974764,95.41122824,6.141502001,182.4482352,red,groundnut,1691
19,30,30,29.56549169,91.40896307,5.826381164,224.8315729,red,groundnut,1621
31,13,33,29.69952329,95.21224392,6.342463714,148.3003692,red,groundnut,1698
17,29,26,26.14162144,93.28415295,6.071897347,195.4115025,red,groundnut,1613
12,30,30,26.00175125,94.79998418,6.331051715,209.540094,red,groundnut,1627
30,13,25,27.15116142,91.48889469,6.413184638,164.9182225,red,groundnut,1691
18,15,33,28.97318719,98.09861043,5.50158009,213.9011021,red,groundnut,1627
18,12,35,26.13958446,96.38580769,6.338720873,131.3387935,red,groundnut,1629
18,28,30,25.51618488,94.33465411,6.015672239,135.1272491,red,groundnut,1617
40,22,29,27.55821802,99.98187601,5.735364307,174.6256481,red,groundnut,1693
27,10,33,27.81132822,97.48410555,6.465906333,154.0621221,red,groundnut,1637
21,20,31,25.60033702,99.7240104,5.855457599,165.8248732,red,groundnut,1620
13,19,35,26.91641934,99.84671638,6.318552973,225.6323656,red,groundnut,1609
22,16,27,29.1797902,90.27214288,6.006784979,188.9252083,red,groundnut,1638
27,18,30,26.44600063,98.29937782,6.008386283,221.2258168,red,groundnut,1660
22,18,33,28.43572863,95.8840407,5.665785202,203.9283708,red,groundnut,1666
28,27,32,28.94099669,93.00109012,5.764615485,191.7723087,red,groundnut,1669
23,21,26,26.45488737,93.45042636,5.901495544,149.2220255,red,groundnut,1618
37,15,34,25.79490531,93.84150618,5.779032666,152.4238712,red,groundnut,1689
19,26,29,26.93141945,98.80313612,5.67154928,166.5712879,red,groundnut,1621
133,47,24,24.40228894,79.19732001,7.231324765,90.8022356,black,cotton,590
136,36,20,23.09595631,84.86275707,6.925412377,71.29581071,black,cotton,569
104,47,18,23.9656349,76.97696717,7.633437412,90.75616738,black,cotton,504
133,47,23,24.88738107,75.62137159,6.827354668,89.76050416,black,cotton,546
126,38,23,25.36243778,83.63276077,6.176716425,88.43618918,black,cotton,548
126,50,19,24.69457084,81.7358876,6.628722836,78.58494391,black,cotton,544
113,41,20,25.0017188,80.53965818,7.256877571,96.32600992,black,cotton,520
121,45,22,22.45942937,81.30681027,6.443785385,64.23026638,black,cotton,540
121,47,16,23.60564038,79.29573149,7.723240151,72.49800885,black,cotton,548
129,60,22,24.58453146,79.12404171,5.947448589,71.94608134,black,cotton,544
107,45,25,23.0865933,83.55546146,7.227745516,71.84080724,black,cotton,500
122,59,18,23.5000992,83.63488952,6.219469084,79.81328183,black,cotton,544
140,38,15,24.1472953,75.88298598,6.021439523,69.91563467,black,cotton,580
102,49,21,24.69315538,84.84422454,6.253343655,89.799462,black,cotton,512
111,40,25,24.484692,84.44932014,6.187455799,90.94342484,black,cotton,508
131,35,18,24.49112609,82.24415809,7.057693366,64.02949379,black,cotton,588
135,43,16,23.47986888,81.73049149,6.720449769,86.76287924,black,cotton,588
100,46,18,24.18586246,76.04203958,6.431689506,69.08056728,black,cotton,502
123,39,24,25.00755095,78.17952126,7.453106264,86.06411872,black,cotton,544
117,56,15,25.99237426,77.0543546,7.368258226,89.1188212,black,cotton,520
121,36,24,23.66457347,81.69105088,7.352401887,99.36898373,black,cotton,520
101,58,18,25.66891439,81.38103349,6.652143699,78.59595817,black,cotton,502
107,42,24,22.04612876,84.62978302,6.144631795,86.00758678,black,cotton,504
100,41,22,22.4204752,84.55794703,7.318802162,93.46595573,black,cotton,504
125,39,21,25.03149561,82.21276599,7.954629324,95.0191318,black,cotton,536
105,60,23,23.53371386,77.21705554,6.207652157,87.54004943,black,cotton,508
102,46,19,22.77076388,82.5993307,6.631005298,81.49543437,black,cotton,508
131,49,22,25.49848236,79.9751579,7.306918817,67.05961949,black,cotton,590
139,35,15,25.248679,83.4630147,5.898293044,86.55517751,black,cotton,598
108,36,19,22.78249615,77.51235009,7.238566893,64.61444234,black,cotton,510
118,45,23,23.37044424,77.43198948,7.977651226,71.67870701,black,cotton,506
107,51,22,24.86560781,78.22080815,5.983075895,79.56866268,black,cotton,502
125,60,17,24.14386157,84.51591287,6.785723961,80.36146974,black,cotton,550
113,37,20,25.03300222,79.04368718,7.393441155,97.10087029,black,cotton,526
131,52,16,23.65724079,84.47601498,6.486068274,88.54479121,black,cotton,596
115,48,16,25.54359718,84.09229796,7.175934962,88.94245493,black,cotton,524
113,38,25,22.00085141,79.47270984,7.388265888,90.42224164,black,cotton,536
111,41,18,23.64328417,78.1258666,6.10539819,80.96157332,black,cotton,516
111,53,19,23.96436009,78.02763149,6.419536555,84.63148859,black,cotton,512
122,48,16,24.65425757,75.6350708,6.307585854,61.82980133,black,cotton,538
108,46,17,24.3017998,84.87668973,6.93221485,65.0247867,black,cotton,520
132,41,22,24.29144926,81.02453404,7.810865753,90.41694635,black,cotton,598
103,42,17,24.29470232,84.61527627,6.527541661,81.05902285,black,cotton,504
133,50,25,25.72180042,81.19666206,7.569454601,99.93100821,black,cotton,590
127,37,18,24.87663664,76.30050373,7.041065585,91.9223468,black,cotton,558
110,39,25,22.60612115,77.34264002,7.208795456,75.13617229,black,cotton,510
131,38,19,23.86814008,75.68339729,6.814341946,90.4547185,black,cotton,590
108,38,24,23.41022496,76.43836957,7.442217061,78.82199603,black,cotton,498
122,40,17,24.96440768,81.31677618,6.854558957,80.03995829,black,cotton,546
111,50,15,25.16820129,80.30351815,7.884550475,84.62419032,black,cotton,548
140,40,17,22.72767171,77.07598065,6.006085786,77.55176318,black,cotton,584
100,40,20,22.45145981,76.25674874,7.432043735,86.84998693,black,cotton,504
123,50,16,23.04920461,75.53835214,6.498052108,70.65644296,black,cotton,560
107,36,21,25.29250148,75.66653335,6.205263534,62.64174227,black,cotton,516
118,50,19,22.95604064,82.33733678,6.360812227,66.48339303,black,cotton,524
103,51,20,22.80213132,84.14668447,7.046607434,91.6389565,black,cotton,504
133,57,19,23.54234715,75.98203329,7.947011366,84.12536744,black,cotton,590
129,47,20,24.41212325,80.80343786,6.281913858,98.60457373,black,cotton,580
116,52,19,22.94276687,75.37170612,6.114525877,67.08022574,black,cotton,548
114,40,23,25.53676123,81.13668716,6.753978061,95.4262599,black,cotton,548
131,60,17,25.32023717,81.79475917,7.425041316,83.46532547,black,cotton,580
107,43,18,22.426733,81.53480799,6.745104394,65.54475812,black,cotton,506
123,44,21,25.78544484,75.00539324,7.641116569,91.39578861,black,cotton,540
112,49,25,25.68959532,77.90621048,6.470135478,66.19426787,black,cotton,524
119,44,15,22.14593688,82.8597549,7.091992365,60.65381719,black,cotton,528
130,59,19,25.07278712,82.50257909,6.520403794,93.51042684,black,cotton,598
127,53,24,22.21506982,76.17851932,6.127939628,70.40557612,black,cotton,544
134,52,18,23.9643129,76.59175937,7.994679507,76.13090645,black,cotton,594
109,36,18,25.40059227,76.53237965,7.524707577,62.5138867,black,cotton,509
100,48,17,23.7805123,83.03878838,7.827877818,66.26555904,black,cotton,508
132,52,19,24.16402322,76.7433897,6.436691764,61.94626051,black,cotton,596
102,37,25,25.31468463,77.91757121,5.907930899,72.82902109,black,cotton,510
111,39,22,22.60361557,80.3509046,6.135025006,88.57395505,black,cotton,512
117,51,15,22.9535715,78.71555832,6.044556594,99.75336197,black,cotton,520
136,36,24,22.74446976,80.41198458,7.59781958,90.07326633,black,cotton,546
134,56,18,23.80834611,83.91902605,6.691268104,70.97358303,black,cotton,594
112,54,15,25.46228792,81.56641891,6.175492306,76.88582484,black,cotton,498
105,56,15,25.96779712,81.97904282,7.272316209,74.14169043,black,cotton,490
140,45,15,25.5308271,80.04662756,5.801047545,99.39557151,black,cotton,596
126,46,25,24.43847399,81.69801729,6.757457943,60.79645852,black,cotton,542
106,49,24,23.03887865,76.47039772,6.983395573,90.64770699,black,cotton,506
121,53,19,23.51308653,76.72621429,7.976889498,80.11272117,black,cotton,546
108,60,17,22.75805656,76.75768356,6.558902588,97.76600619,black,cotton,508
116,56,17,24.71252544,77.7293114,7.979090365,85.24963302,black,cotton,528
100,52,19,23.45969093,82.44777468,7.903528673,93.50153555,black,cotton,498
129,43,16,25.5503704,77.85055621,6.73210948,78.58488484,black,cotton,570
118,44,23,22.08458267,82.82904143,6.691690476,67.06459777,black,cotton,512
117,43,25,24.68854799,78.51206972,7.839849298,69.31153566,black,cotton,508
126,37,21,25.84997269,84.16855231,6.61448588,77.03421249,black,cotton,522
120,48,16,22.46054478,75.40989245,7.456971816,71.85436078,black,cotton,526
102,45,16,23.65629976,77.52425987,7.2942193,74.8984994,black,cotton,506
131,56,20,22.00817088,81.83896111,7.762647875,92.23645249,black,cotton,594
114,40,17,24.32630461,80.13456404,6.363406102,69.45072055,black,cotton,520
101,37,18,22.92360984,82.68738535,7.63737841,92.91915074,black,cotton,504
106,46,20,23.43821725,78.63388824,6.200671976,81.15072105,black,cotton,490
113,38,20,22.10718988,78.58320116,6.364729934,74.94136567,black,cotton,499
102,53,21,23.03814028,76.11021529,6.913678684,91.49697481,black,cotton,504
110,39,18,24.54795322,75.39752705,7.766259769,63.88079866,black,cotton,516
107,58,15,23.73868041,75.77503808,7.55606399,76.63669195,black,cotton,536
120,60,15,22.31871914,83.86129998,7.288377241,65.35747011,black,cotton,544
91,94,46,29.36792366,76.24900101,6.149934034,92.82840911,black,banana,15630
105,95,50,27.33368994,83.67675197,5.849076099,101.0494791,black,banana,15402
108,92,53,27.40053601,82.96221306,6.276800323,104.9378,black,banana,15975
86,76,54,29.3159075,80.11585705,5.926824754,90.10978128,black,banana,15645
80,77,49,26.05433004,79.39654531,5.519088423,113.2297373,black,banana,15471
93,94,53,25.86632408,84.42379269,6.079178788,114.5357503,black,banana,15561
90,92,55,27.00932084,80.18546798,6.13465588,97.32531705,black,banana,15084
108,89,53,29.55054817,78.06762846,5.808497604,99.34482238,black,banana,16401
108,88,55,26.28845991,83.390039,5.891458107,113.8729798,black,banana,15225
105,77,52,29.16226551,76.16151562,5.816622479,100.0075679,black,banana,15819
118,88,52,28.65003945,82.68752542,5.843163161,98.75084366,black,banana,16191
101,87,54,29.07311132,76.50045221,6.376756633,100.1692639,black,banana,15153
95,75,50,28.08166093,75.26429821,5.623615687,118.2761894,black,banana,15816
106,85,53,27.1994597,78.8086068,5.91505509,99.72430835,black,banana,15906
86,95,49,28.05484146,78.04602887,6.458714879,108.3957179,black,banana,15987
83,79,55,25.14748006,83.34688193,5.565028635,98.66679427,black,banana,15606
85,95,47,25.94019018,78.3422098,6.211833161,119.84797,black,banana,15879
109,79,45,27.66752761,79.68542782,6.490074429,108.66464,black,banana,16224
100,76,45,25.56703012,75.94067692,5.590236025,102.7867717,black,banana,15141
117,86,48,28.6956201,82.54195839,6.225225239,116.1616839,black,banana,15507
114,94,53,26.33544853,76.8532006,6.190757459,118.6858263,black,banana,15360
110,78,50,25.93730186,78.89864446,5.915568968,98.21747528,black,banana,15837
94,70,48,25.13686519,84.88394407,6.195152442,91.46442491,black,banana,15516
80,71,47,27.50527651,80.79783998,6.156373499,105.0776992,black,banana,15339
114,79,51,26.21009246,82.34429458,6.313197204,112.0700033,black,banana,15045
88,78,45,29.10403455,79.19588629,6.324270089,92.07835761,black,banana,15894
112,73,48,29.2440638,77.32017166,5.707488987,90.66727868,black,banana,15627
117,76,47,25.56202173,77.38229006,6.119216009,93.10247183,black,banana,15873
111,87,48,26.3985515,81.36028902,5.571401169,98.16752001,black,banana,16383
89,83,47,28.09577643,77.79586769,5.63127166,109.5408614,black,banana,16344
93,91,47,27.84767901,83.31110751,6.101241579,117.2878912,black,banana,15612
92,81,52,27.39341554,81.4654833,6.438137279,94.31102057,black,banana,15570
105,74,45,25.14517635,81.38204104,6.098369122,119.218154,black,banana,15150
102,71,48,28.65456263,79.28693687,5.695267822,102.4633775,black,banana,16344
94,91,51,29.16093424,76.67484233,5.618094446,109.575944,black,banana,15063
116,71,47,27.57278064,82.0638878,6.435785799,91.34276507,black,banana,16050
117,79,49,25.40909896,82.36208097,6.176644228,112.9794804,black,banana,15237
119,72,55,25.99069521,83.33983116,6.220643671,112.0777152,black,banana,15696
99,73,53,26.29039046,81.06003778,5.871702211,118.6730366,black,banana,15768
91,84,52,29.14827211,78.71024836,6.390741836,117.536781,black,banana,15915
80,90,47,26.59743595,79.35898915,6.21084479,107.3944717,black,banana,15201
101,70,48,25.36059237,75.03193255,6.012696655,116.5531455,black,banana,15690
108,89,53,29.12036889,80.18080728,5.908770059,112.3982055,black,banana,15423
100,80,52,27.53911354,77.25629897,6.049801781,110.3262123,black,banana,15828
109,91,53,29.66727337,83.51014178,6.010095853,110.2511102,black,banana,16413
82,78,46,25.05802193,84.97323747,5.738678895,110.4408803,black,banana,15861
106,70,55,25.86824781,78.52399914,5.74055541,116.3019555,black,banana,15708
90,86,52,25.85036988,81.95580471,5.793260262,119.0856171,black,banana,16413
83,95,50,26.51682337,77.79913575,5.50947065,108.8547508,black,banana,15846
119,90,48,28.66725136,79.59242542,5.986442306,118.2583441,black,banana,16389
107,72,45,28.14938935,81.54448882,5.790768046,91.40508414,black,banana,15753
116,81,55,26.42313317,83.6995044,5.915546415,95.12322062,black,banana,15810
101,75,50,26.59386409,81.40740301,6.242528278,109.9825551,black,banana,16050
93,81,50,27.71822477,76.57853189,6.036079266,102.2099836,black,banana,15093
95,75,45,28.98333432,82.95958244,5.829898502,109.022564,black,banana,15633
107,71,55,29.42017919,83.96754496,6.088064451,117.229079,black,banana,15942
83,94,47,27.39872329,81.10523402,6.469370954,112.1355384,black,banana,16407
102,73,54,26.4020227,84.41007614,5.720726906,111.0162259,black,banana,16413
86,79,45,27.81251452,82.69285419,5.80766417,99.20961514,black,banana,15078
117,86,53,25.19640218,83.55829874,5.703381728,115.8586081,black,banana,15000
111,79,53,28.31193338,75.77363772,6.165001278,119.695765,black,banana,15933
95,74,50,25.90113128,80.47152737,6.002481605,110.10323,black,banana,15897
91,75,55,27.48612983,76.11239849,6.212369363,109.2768851,black,banana,15039
93,83,46,29.38254012,83.50423735,5.765308943,109.2486647,black,banana,15054
92,85,51,29.22118628,81.08183635,5.740764682,108.8616474,black,banana,15774
104,80,54,27.09062164,81.33506906,5.879119455,110.1331182,black,banana,15342
103,72,51,26.12643374,81.81365007,6.099478745,104.4812858,black,banana,16278
92,75,45,29.01207743,77.95192527,5.674403359,90.43495443,black,banana,16353
93,85,49,27.96799119,79.28625709,5.694243847,119.4765557,black,banana,15399
120,87,52,28.0764455,76.05522115,5.905494703,118.9923573,black,banana,15555
108,72,46,25.16278237,84.97849241,6.110844721,90.94554618,black,banana,16446
105,88,54,25.78749808,84.51194224,6.020445317,114.2005455,black,banana,15924
98,79,50,25.34119774,84.47321314,6.435917308,91.06493353,black,banana,15750
111,88,55,29.44795403,78.34971537,5.505393833,96.45042585,black,banana,15360
97,74,45,26.47522633,78.51833782,5.677719902,113.1161095,black,banana,15555
95,82,48,27.39489579,83.31172003,5.719014989,92.78133617,black,banana,15882
89,91,55,25.08347445,80.261731,6.275572298,94.32961456,black,banana,15003
89,85,55,26.6719835,76.48541655,6.275384607,91.73358569,black,banana,15843
118,88,51,25.44926208,79.49221962,6.201911642,100.6619171,black,banana,16434
101,92,45,28.22776705,80.6430384,5.758054257,98.00403016,black,banana,15609
99,92,47,28.1279509,77.48247073,6.323933647,103.5045395,black,banana,15150
82,77,46,28.9470467,82.1888998,5.901100841,95.83016448,black,banana,16452
90,86,55,27.96236771,84.15403614,5.644486582,97.55986676,black,banana,15054
95,88,52,28.00316034,78.90085998,6.235461772,94.68180316,black,banana,15621
104,73,46,29.1400919,80.1190228,6.28236237,90.45142867,black,banana,15552
102,73,52,27.9122104,83.36307683,6.356090905,90.24211529,black,banana,15309
100,74,52,25.43480512,81.53977797,5.837258235,96.47800391,black,banana,15189
94,89,48,28.55980972,84.51602322,5.653437902,111.0843029,black,banana,15621
99,70,46,26.59580783,82.99556744,5.727469947,100.5123341,black,banana,15198
112,87,48,27.19711623,77.3970629,6.200111068,99.46950465,black,banana,15630
117,82,45,25.29391516,79.29122198,5.614471478,105.4220251,black,banana,15342
96,86,51,29.90888522,76.98740841,6.257369799,91.99964712,black,banana,16107
113,85,45,27.94972463,76.63713353,6.037430836,109.0921631,black,banana,15975
105,93,46,25.01018457,78.76260938,5.760457558,108.3690513,black,banana,15660
85,89,51,29.21144871,84.70189923,6.158164422,108.5501443,black,banana,15621
108,94,47,27.35911627,84.54625006,6.387431383,90.81250457,black,banana,16479
92,81,52,28.0106804,76.52808057,5.891413895,103.7040783,black,banana,15852
110,71,54,28.67208915,82.20793613,5.725418961,94.37987496,black,banana,15915
82,75,55,27.34585147,78.4873835,6.281069505,92.15524332,black,banana,15858
117,81,53,29.50704598,78.20585613,5.507641778,98.12565829,black,banana,15249
